{
  "eye": {
    "orientation": [
      -0.1808004379272461,
      0.9396179914474487,
      0.15840676426887512,
      -0.2435910552740097
    ],
    "magnitude": 0.46019312739372253,
    "position": [
      -422.4808044433594,
      202.22848510742188,
      -886.4326782226562
    ]
  },
  "radius": 500,
  "type": "PERSPECTIVE"
}