{
  "eye": {
    "orientation": [
      0.3113252818584442,
      0.9142963290214539,
      -0.2468419224023819,
      -0.07879002392292023
    ],
    "magnitude": 0.5,
    "position": [
      -119.14398193359375,
      -160.7072296142578,
      -346.3778076171875
    ]
  },
  "radius": 200,
  "type": "ORTHOGRAPHIC"
}